Player ID,SN,Age,Gender
0,Marughi89,18,Female
1,Lirtedy26,7,Female
2,Chamistast30,21,Male
3,Lisirra25,11,Male
4,Lirtim36,7,Male
5,Undimsya85,37,Male
6,Lirtassa77,15,Male
7,Mindirra92,22,Male
8,Undirrasta89,13,Female
9,Iskjaskst81,30,Male
10,Yoishirrala98,25,Male
11,Undassa89,25,Male
12,Lisossanya98,17,Female
13,Lisirra87,20,Male
14,Ililsan66,31,Male
15,Lisosiast26,35,Male
16,Ilimya66,17,Male
17,Lisassa49,20,Male
18,Mindirraya69,24,Male
19,Lirtista72,17,Male
20,Sondassala75,22,Male
21,Iskelosda54,23,Male
22,Sundista85,20,Male
23,Lirtossa84,22,Female
24,Chanjasksda31,21,Male
25,Chamiman85,22,Female
26,Lisosia66,16,Male
27,Lisirra44,22,Male
28,Mindassast27,29,Male
29,Quilassa66,26,Male
30,Marilsasya33,22,Male
31,Lisossa63,23,Male
32,Assim38,29,Male
33,Sondenasta63,21,Male
34,Chrathybust28,22,Male
35,Sondadar26,15,Male
36,Chanjaskan89,11,Male
37,Chamassast26,20,Male
38,Chadossa26,23,Male
39,Smecherdi88,30,Female
40,Chanjask65,12,Female
41,Chanassa48,21,Male
42,Mindosia50,23,Female
43,Sondassan80,20,Female
44,Iskim96,25,Male
45,Sondim73,26,Male
46,Ilosian36,26,Male
47,Iskadarya95,25,Male
48,Lisirra55,23,Male
49,Undotesta33,35,Male
50,Quaecjask96,23,Male
51,Ilosia88,20,Male
52,Iskosia45,38,Male
53,Lirtosia63,18,Male
54,Ililsasya43,39,Male
55,Sondassasya91,10,Male
56,Undista85,24,Other / Non-Disclosed
57,Lisossa46,30,Male
58,Jiskossa61,26,Male
59,Lisastsya37,41,Female
60,Ilogha82,34,Male
61,Lisast87,19,Female
62,Undory40,21,Male
63,Lisassa64,18,Male
64,Frichim77,21,Male
65,Chamossa77,21,Male
66,Jiskosiasya52,25,Male
67,Lassadarsda57,21,Male
68,Lassjaskan73,20,Male
69,Chanuchi25,19,Male
70,Jiskim75,39,Female
71,Iljask57,21,Male
72,Jiskimsda73,30,Male
73,Jiskjask60,20,Male
74,Undistasta86,15,Male
75,Ilossa39,31,Male
76,Frichossast91,7,Male
77,Sondistanya61,25,Male
78,Ilaststa70,25,Male
79,Assakuya57,22,Male
80,Lisossa25,27,Male
81,Lisovynya38,24,Male
82,Lisopela58,16,Male
83,Marilsanya48,17,Male
84,Chadadar38,14,Male
85,Marirraya39,20,Male
86,Lirtassan59,29,Male
87,Lisassasda39,15,Male
88,Frichaststa81,18,Female
89,Chadilsasta32,20,Female
90,Jiskjask76,24,Male
91,Chamadarsda63,30,Female
92,Chanirrasta87,7,Male
93,Marokian45,19,Male
94,Sundadar27,15,Male
95,Iskassa50,34,Male
96,Chamirra53,24,Male
97,Frichosiala98,23,Male
98,Chanosiaya39,15,Male
99,Lirtossa78,25,Male
100,Lirtastsya71,15,Female
101,Frichistast39,24,Male
102,Chamjask73,26,Male
103,Sundista37,7,Male
104,Lirtilsan89,26,Male
105,Lisosia93,20,Male
106,Sundastnya66,8,Male
107,Chadossa89,20,Male
108,Iskast78,11,Male
109,Lisjaskan36,21,Male
110,Chadistaya75,25,Male
111,Chamucosda93,25,Male
112,Chadadarla74,18,Male
113,Iskosia51,30,Male
114,Frichistan93,20,Male
115,Jiskassan80,22,Other / Non-Disclosed
116,Raysistast71,21,Female
117,Undosia27,25,Male
118,Jiskassa76,31,Male
119,Marirrasta30,9,Male
120,Lassista97,27,Male
121,Lirtastan49,25,Male
122,Sondimla25,26,Female
123,Sondjasknya45,23,Male
124,Undirrala66,23,Male
125,Ilast55,24,Male
126,Iskjaskan81,21,Male
127,Iljask75,15,Male
128,Lisast98,19,Male
129,Lisilsa68,22,Female
130,Lassilsala30,25,Male
131,Ilosia37,19,Female
132,Iskossan49,30,Male
133,Assistasda90,24,Female
134,Jiskimya77,8,Male
135,Sundilsast76,39,Female
136,Chadadarya31,19,Female
137,Iloni35,24,Male
138,Chanirra56,10,Male
139,Assassa81,23,Male
140,Chadirra90,11,Female
141,Undosiasya79,29,Male
142,Chadjask85,17,Male
143,Lisilsa62,25,Male
144,Sundassa93,39,Female
145,Lirtirra37,17,Male
146,Chadanto83,35,Female
147,Sondim43,29,Male
148,Chamassasya86,23,Male
149,Sondedust36,33,Male
150,Chanista95,23,Male
151,Assassa43,9,Male
152,Jiskjask80,21,Male
153,Marjask87,13,Male
154,Assistast50,30,Male
155,Lassim90,34,Male
156,Mindesi74,22,Male
157,Lisosia92,9,Male
158,Sundirrala66,20,Male
159,Ilimsda76,22,Male
160,Marilsa69,22,Male
161,Sondassa48,16,Female
162,Chamosia71,22,Male
163,Mindirranya33,15,Male
164,Chanastya70,27,Female
165,Iskosia90,24,Male
166,Sondim68,21,Male
167,Nourrimsda30,24,Male
168,Crausirra42,35,Male
169,Lirtjaskan85,24,Female
170,Jiskjask76,20,Male
171,Lisjasksda68,21,Male
172,Assjaskan73,20,Male
173,Jiskilsa35,20,Male
174,Lirtosia72,21,Female
175,Lisassa26,25,Female
176,Undadar97,18,Male
177,Jiskirran77,16,Male
178,Iladarla40,22,Male
179,Lisista54,9,Male
180,Chamista31,29,Male
181,Chanosiast43,21,Male
182,Lirtassa52,23,Male
183,Lassirrasda85,34,Male
184,Undirra73,22,Male
185,Sondassa68,29,Male
186,Sondilsa42,20,Male
187,Undilsa52,19,Male
188,Assylla81,22,Male
189,Koikirra25,28,Male
190,Lisirra58,24,Male
191,Jiskebosya95,19,Male
192,Chadassasda60,14,Female
193,Jiskimsta59,37,Male
194,Lisimsta66,24,Male
195,Jiskossa51,25,Male
196,Sondadarya58,22,Male
197,Ilosiast59,21,Male
198,Chanossala89,19,Male
199,Frichistasta59,23,Male
200,Undast38,38,Male
201,Chamadar27,16,Male
202,Zhestim56,25,Male
203,Mindadaran26,25,Male
204,Mindista32,18,Female
205,Lisosia51,21,Male
206,Jiskadarst79,35,Male
207,Assjask64,26,Female
208,Lisirrast82,8,Male
209,Iskirra44,19,Male
210,Jiskosiala43,15,Female
211,Chaniman66,21,Male
212,Chanjaskan37,15,Female
213,Chamastya76,20,Male
214,Frichosiasya71,25,Male
215,Ilassast39,23,Male
216,Frichilsa31,26,Female
217,Maridisya31,24,Male
218,Jiskilsa93,27,Female
219,Sondirra83,21,Male
220,Sundilsa62,21,Male
221,Lisassa39,12,Male
222,Iskistasda86,18,Male
223,Cosadar58,25,Male
224,Bartassaya73,23,Male
225,Assesi91,39,Male
226,Frichaststa61,35,Male
227,Ilista82,15,Male
228,Chadjask77,31,Male
229,Chadossa38,11,Male
230,Marassa62,15,Male
231,Undosian34,18,Male
232,Sweecossa42,19,Male
233,Frichosia58,21,Male
234,Assosia88,23,Male
235,Chanastnya43,21,Female
236,Sondastsda82,30,Female
237,Frichocesta66,21,Male
238,Narirra38,21,Male
239,Assim27,20,Female
240,Frichossast75,24,Female
241,Jiskjask85,22,Male
242,Iskirra45,20,Male
243,Chadista79,17,Male
244,Chanosseya79,14,Male
245,Mindilsa34,25,Female
246,Lassilsa63,19,Male
247,Maradarsya60,21,Male
248,Lisista63,34,Male
249,Undosian29,24,Male
250,Undjask33,20,Male
251,Mindast60,24,Male
252,Sondilsa40,25,Male
253,Ilassa51,8,Male
254,Lisistaya47,20,Male
255,Iskista88,17,Female
256,Iskosian40,24,Male
257,Lisista27,33,Male
258,Chanassa73,23,Male
259,Lirtim29,24,Male
260,Lisiman76,29,Male
261,Sundaststa26,18,Male
262,Mindetosya30,21,Female
263,Lirtyrdesta65,18,Male
264,Lisuby25,25,Male
265,Undastst48,22,Female
266,Maradarnya40,21,Male
267,Lirtilsa71,13,Male
268,Lirtosiast35,35,Male
269,Lisassasta50,25,Male
270,Poshilsa82,25,Male
271,Lassjask63,23,Other / Non-Disclosed
272,Undadarla37,21,Male
273,Undirrasta74,30,Male
274,Chanirrala39,27,Male
275,Tanimnya91,16,Other / Non-Disclosed
276,Frichossast86,23,Male
277,Sondilsa35,25,Female
278,Frichast72,20,Male
279,Assirra72,15,Male
280,Sundassanya52,45,Male
281,Chanosia65,28,Male
282,Undare39,36,Male
283,Lirtossan50,23,Male
284,Ililsasda87,25,Male
285,Lisirraya76,28,Male
286,Jiskimla32,7,Male
287,Chamosia29,18,Male
288,Chanossast57,23,Male
289,Lirtastsda29,31,Male
290,Lisistasya93,39,Female
291,Marjasksda39,21,Male
292,Chanastsda67,26,Male
293,Assastnya25,24,Male
294,Sondastan54,22,Male
295,Chamim85,26,Male
296,Chamilsala65,21,Male
297,Chamimla73,21,Male
298,Assadarsda51,26,Male
299,Mindimnya67,15,Male
300,Lassadar75,21,Male
301,Chamadar61,20,Male
302,Chadeche54,20,Male
303,Chamalo71,37,Male
304,Marilsa48,15,Male
305,Isketo41,25,Male
306,Chanosian48,22,Male
307,Iskim30,21,Male
308,Rianistast50,16,Male
309,Lirtossa60,25,Male
310,Chanirra64,40,Male
311,Undista50,26,Male
312,Chamjaskya75,25,Male
313,Jeyciman68,20,Male
314,Lirtassan78,22,Female
315,Iskossa88,24,Male
316,Minduli80,24,Male
317,Undiwinya88,9,Male
318,Liawista80,17,Male
319,Deelilsasya30,15,Male
320,Lassimla92,22,Male
321,Iskadar31,25,Male
322,Lisasi93,22,Male
323,Frichadar89,21,Male
324,Layjask75,22,Male
325,Frichynde86,23,Male
326,Lisosianya62,21,Male
327,Ilosiaya62,27,Female
328,Jiskadarst60,21,Female
329,Lisadar41,22,Male
330,Assossanya76,12,Female
331,Chanjaskan43,24,Male
332,Lirtimst73,19,Male
333,Assilsan72,10,Other / Non-Disclosed
334,Undjaskla97,33,Male
335,Lirtossanya27,39,Male
336,Leyirra83,21,Male
337,Thrientossa55,21,Male
338,Assosiasta83,23,Male
339,Undjasksya56,20,Male
340,Maradaran90,21,Male
341,Chamjasknya65,35,Male
342,Lisossan98,18,Female
343,Iskirraya53,25,Male
344,Undilsan50,25,Male
345,Assehoan67,38,Male
346,Frichassala85,19,Male
347,Maropast28,16,Male
348,Lisimsda29,17,Other / Non-Disclosed
349,Jiskimsda56,24,Male
350,Sundast29,15,Male
351,Sizilsala42,35,Female
352,Mindilsa60,22,Male
353,Iskossasda43,20,Male
354,Lisadar44,20,Male
355,Assilsasta89,26,Male
356,Phenastya51,25,Male
357,Lisossala30,21,Male
358,Assassa38,17,Male
359,Lisotesta51,19,Male
360,Ilirrasda54,25,Male
361,Marast30,34,Female
362,Lisassala98,25,Male
363,Lassast89,25,Female
364,Undimnya33,21,Male
365,Iskim66,22,Male
366,Chamadarnya73,20,Female
367,Frichim27,20,Male
368,Lassassast73,14,Male
369,Assossa43,36,Male
370,Lassimsya91,22,Male
371,Sundosiasta28,11,Male
372,Assistasda42,20,Male
373,Frichilsasya78,23,Male
374,Chamistasta57,42,Male
375,Chamast86,17,Male
376,Lassilsa41,25,Male
377,Lisim51,20,Male
378,Frichjask31,24,Male
379,Sondilsaya62,20,Male
380,Assassasda84,11,Male
381,Lisim78,23,Male
382,Tauldilsa43,16,Other / Non-Disclosed
383,Assilsa79,20,Male
384,Sausosia74,31,Male
385,Lisosia93,22,Female
386,Assossa41,18,Female
387,Mindari28,23,Male
388,Lisirrasda67,28,Male
389,Assithasta65,30,Male
390,Lassassasda30,28,Male
391,Mindjasksya61,30,Male
392,Chanirra79,20,Male
393,Chanosia34,36,Female
394,Chamimla85,21,Male
395,Chamirraya83,32,Female
396,Chanilsast61,25,Male
397,Undossa89,19,Male
398,Ilosianya35,23,Male
399,Sondossa91,21,Male
400,Lalossa38,21,Male
401,Sundast87,19,Female
402,Assirra34,21,Male
403,Sondossasya33,15,Male
404,Ilast79,10,Female
405,Marim28,22,Male
406,Frichirranya75,19,Male
407,Mindadar70,18,Male
408,Chamirrasya33,30,Female
409,Chamilsan75,18,Male
410,Iladar47,26,Female
411,Sondossa69,37,Male
412,Lisiriya82,20,Male
413,Lirtast83,20,Female
414,Iludu67,12,Female
415,Mindosiasya28,32,Male
416,Lassjask78,23,Other / Non-Disclosed
417,Frichast25,28,Male
418,Assassasta79,24,Male
419,Chadossa56,35,Male
420,Assjaskan56,18,Male
421,Marjask62,18,Male
422,Chadolyla44,10,Female
423,Marynde90,36,Male
424,Frichaya88,8,Male
425,Marilsast81,26,Male
426,Iskimnya76,22,Female
427,Sundadarla27,15,Female
428,Thourdirra92,25,Female
429,Chamadar79,16,Male
430,Sundim98,34,Male
431,Mindosiast44,7,Male
432,Sundjask71,20,Female
433,Mindossasya74,23,Male
434,Frichast28,25,Male
435,Undista26,22,Male
436,Lisico81,20,Male
437,Chanossanya44,20,Male
438,Frichjaskan98,21,Male
439,Iskista96,26,Male
440,Lirtistasta79,18,Male
441,Assosia38,26,Female
442,Marassaya49,28,Male
443,Lirtirra81,37,Male
444,Leetirraya83,25,Male
445,Iskirra65,17,Female
446,Iskirra75,25,Male
447,Assirra56,19,Male
448,Frichossala54,9,Female
449,Chamim53,25,Male
450,Marundi65,20,Female
451,Lirtirra41,25,Male
452,Lirtassa47,12,Male
453,Marirrasta50,30,Female
454,Frichadaran88,39,Male
455,Mindossa76,25,Female
456,Sundaky74,30,Male
457,Iladarst61,20,Male
458,Sondossa55,35,Male
459,Chanosia60,30,Male
460,Undirra90,20,Male
461,Sundossast30,23,Male
462,Ililsa62,19,Male
463,Lassistasya44,24,Male
464,Marassanya92,34,Male
465,Chamossasya78,18,Male
466,Chanilsasda38,23,Female
467,Lisjaskya84,25,Female
468,Zontibe81,29,Male
469,Iskichinya81,25,Male
470,Lirtistanya48,23,Male
471,Minduri31,19,Male
472,Lirtilsa72,25,Male
473,Chanadar44,35,Female
474,Chanastst38,25,Male
475,Iskossaya95,19,Male
476,Phaestycal84,25,Male
477,Raesursurap33,15,Male
478,Siarithria38,20,Male
479,Aellysup38,13,Male
480,Ialillo44,23,Other / Non-Disclosed
481,Dreolonu96,19,Male
482,Yasurra52,19,Male
483,Raedaisu38,20,Male
484,Haesur70,25,Female
485,Pheodaisun84,20,Female
486,Hiarideu73,11,Male
487,Phaedasurap84,11,Female
488,Illycal38,17,Male
489,Aesty53,29,Male
490,Aedasti36,24,Male
491,Istydil92,24,Male
492,Yadanun74,24,Female
493,Asty82,16,Female
494,Rinallorap73,30,Male
495,Inasti31,16,Male
496,Riaral62,21,Male
497,Isri59,15,Male
498,Rarith48,28,Male
499,Aeralria73,23,Male
500,Shaidanu32,20,Male
501,Ili43,25,Male
502,Saena89,39,Male
503,Syathecal44,20,Male
504,Aedaip85,24,Female
505,Aisurria69,19,Male
506,Tyeuduephos81,23,Female
507,Eusri70,38,Male
508,Anallorgue57,18,Male
509,Phiristi62,25,Male
510,Iri67,17,Male
511,Haerith37,28,Male
512,Hyaduesu61,18,Male
513,Yaliru88,30,Male
514,Riada92,24,Male
515,Briathello36,19,Male
516,Alo67,15,Male
517,Yathe48,15,Male
518,Phalinun47,21,Male
519,Aidain51,19,Male
520,Ryananu51,23,Male
521,Leusur91,7,Male
522,Tyithelis75,25,Male
523,Tyirithnu40,24,Male
524,Aidai73,24,Male
525,Raisty38,20,Male
526,Aiduesu86,16,Female
527,Tyidainu31,33,Male
528,Haillyrgue51,21,Male
529,Reulae52,22,Male
530,Heuthe25,24,Male
531,Phairinum94,21,Male
532,Phiallylis33,20,Male
533,Aeral85,40,Male
534,Isri49,33,Male
535,Seudanu38,25,Male
536,Saistyphos30,28,Female
537,Isri34,17,Male
538,Yalae81,23,Male
539,Hiadanurin36,23,Male
540,Ilariarin45,27,Male
541,Iarira60,13,Male
542,Iathem87,17,Other / Non-Disclosed
543,Queusurra38,20,Male
544,Yala79,15,Male
545,Rastynusuir31,29,Male
546,Hida44,38,Male
547,Iallysti88,24,Female
548,Iduenu77,21,Male
549,Styaduen40,15,Male
550,Tyeusri68,21,Male
551,Heuli25,21,Male
552,Siralsudeu54,25,Male
553,Ralasti48,25,Female
554,Dyally87,19,Male
555,Pheosrinudeu70,22,Male
556,Tillyrin30,22,Male
557,Eusri44,25,Male
558,Iasur80,17,Male
559,Iada89,22,Male
560,Alaesu91,10,Female
561,Rasrirgue43,21,Male
562,Pheulaestidru98,25,Male
563,Yarithsurgue62,29,Female
564,Tyida79,15,Male
565,Heolariap94,22,Male
566,Yadaim31,21,Male
567,Eusurdeu49,29,Male
568,Quinarap53,15,Male
569,Reolacal36,23,Male
570,Saerinu82,22,Male
571,Saedue76,10,Male
572,Raethenu43,24,Male
573,Raeduerin33,30,Female
574,Hari50,22,Male
575,Yathello75,19,Male
576,Ilophos58,21,Male
577,Heunadil74,25,Male
578,Heosurnuru52,22,Male
579,Aisur51,19,Male
580,Eodainu45,25,Female
581,Tyisur83,29,Male
582,Eolo46,7,Female
583,Pheusrical25,24,Female
584,Saedai76,30,Male
585,Raillydeu47,21,Male
586,Ialidru40,22,Male
587,Syathe73,25,Male
588,Tyeurith29,23,Female
589,Idaisuir85,22,Male
590,Saedaiphos46,20,Female
591,Siarin98,25,Male
592,Deural48,24,Male
593,Leulaesti78,23,Male
594,Syalom96,40,Female
595,Pheosurllorin41,29,Female
596,Aenacal31,37,Male
597,Aelastirin39,23,Female
598,Yadam35,19,Male
599,Aisty62,16,Male
600,Aeralstical35,21,Male
601,Aelaria33,22,Male
602,Aeliriam77,9,Male
603,Airal46,21,Male
604,Haisurra41,20,Male
605,Ristydru66,24,Male
606,Tyiaduenuru55,16,Male
607,Isrirgue68,19,Female
608,Eustyru47,27,Male
609,Haisty76,25,Male
610,Yastyriaphos75,18,Female
611,Tyeudailis60,20,Male
612,Aelollo59,15,Male
613,Eudasu82,17,Male
614,Hiral75,35,Male
615,Eusur90,23,Male
616,Rali77,25,Male
617,Inadeu25,25,Male
618,Ririp86,16,Male
619,Neolisuir87,28,Male
620,Aerithnucal56,20,Male
621,Tyalaesu89,25,Male
622,Meosridil82,20,Male
623,Irithrap69,7,Male
624,Hala31,23,Male
625,Iadueria43,11,Other / Non-Disclosed
626,Aerithllora36,21,Female
627,Ilaeriacal64,22,Male
628,Eulanurin88,8,Male
629,Eurith26,21,Male
630,Eulae84,19,Male
631,Phaeduesurgue38,21,Male
632,Siri75,30,Male
633,Heollyriap59,16,Female
634,Aelin32,17,Female
635,Hiarilis28,20,Male
636,Seosri62,24,Male
637,Rithe77,29,Male
638,Idaria87,29,Male
639,Siana77,37,Male
640,Pheodai94,23,Male
641,Eodaisu60,20,Male
642,Tyaili86,22,Male
643,Phadue96,27,Female
644,Phaedan76,19,Male
645,Haeladil46,25,Male
646,Aerithriaphos46,23,Male
647,Yarithphos28,35,Male
648,Yaristi64,22,Male
649,Yadaphos40,30,Male
650,Reustym59,25,Male
651,Tyadaru49,24,Male
652,Eulasuir89,22,Male
653,Yala55,20,Male
654,Ialallo29,21,Female
655,Aethedru70,25,Male
656,Phaedue89,17,Male
657,Raelae62,30,Male
658,Airidil41,22,Male
659,Syarithdil95,28,Male
660,Ceoral34,23,Male
661,Ariria97,7,Male
662,Isurriarap71,12,Male
663,Iaristi72,9,Male
664,Irilis75,20,Female
665,Yalostiphos68,33,Male
666,Hariphos58,15,Male
667,Aidai53,28,Male
668,Ianaphos67,33,Female
669,Iari38,25,Male
670,Isty55,15,Male
671,Tyaenasti87,24,Male
672,Haisty72,16,Male
673,Aerithnuphos61,17,Female
674,Saellyra72,24,Male
675,Aisurdru79,32,Male
676,Aelalis34,7,Male
677,Eoririara90,20,Male
678,Hiasri33,21,Male
679,Sida61,14,Male
680,Aidaira48,37,Male
681,Eodueriacal56,20,Male
682,Yasriphos60,24,Male
683,Rarallo90,25,Male
684,Iallyphos37,16,Male
685,Haisrisuir60,28,Male
686,Aidai61,37,Female
687,Hisridru55,26,Male
688,Aidaisu44,23,Male
689,Phially75,15,Male
690,Aelosti90,22,Female
691,Hidasu42,20,Male
692,Haellysu29,7,Male
693,Tyialisti80,18,Male
694,Asurm40,22,Male
695,Phaelap26,34,Male
696,Salilis27,20,Male
697,Airithrin43,23,Male
698,Yarith71,24,Female
699,Eolan54,26,Male
700,Syalollorap93,14,Female
701,Aina43,16,Male
702,Sastydeu50,20,Male
703,Tyeulisu40,18,Male
704,Tyeoralru41,41,Male
705,Yarithrin84,9,Male
706,Eural50,20,Male
707,Arirgue63,22,Male
708,Hiasur92,22,Male
709,Tyaeduesu93,24,Male
710,Raesurdil91,21,Male
711,Tyidaim51,35,Male
712,Aeral97,23,Male
713,Phistym51,26,Male
714,Eulaestira36,23,Male
715,Eoda93,27,Female
716,Aeri79,22,Female
717,Iduedru67,7,Male
718,Ilarin91,20,Male
719,Yana46,15,Male
720,Rathe30,25,Male
721,Seosrim97,16,Male
722,Iana95,20,Other / Non-Disclosed
723,Ithello95,22,Male
724,Eosur70,18,Male
725,Eudanu84,19,Male
726,Peorith44,30,Male
727,Euthe35,21,Male
728,Yaralsu28,25,Male
729,Heolo60,15,Male
730,Aerithsti91,20,Male
731,Aithedeu98,16,Male
732,Tyithesura58,23,Male
733,Taeduenu92,20,Male
734,Raelly43,23,Male
735,Aena95,18,Male
736,Aeliriarin93,21,Male
737,Phaelaellodil49,24,Male
738,Tyastysuir80,25,Male
739,Tyeuladeu30,25,Male
740,Eodailis27,20,Male
741,Idairin51,20,Male
742,Ialistidru50,33,Male
743,Aesur96,12,Male
744,Rairith81,22,Female
745,Saralp86,28,Male
746,Eosty28,38,Female
747,Sisur91,24,Male
748,Hiasurria41,34,Male
749,Seudaillorap38,28,Male
750,Rithe53,25,Male
751,Shidai42,24,Male
752,Yathedeu43,14,Male
753,Aiduecal76,7,Female
754,Idaistiphos49,34,Female
755,Scheolonu75,21,Male
756,Iarithdil76,35,Male
757,Yanaru31,20,Female
758,Idue72,16,Male
759,Aesririam61,16,Male
760,Aesririaphos84,22,Male
761,Isursuir31,15,Male
762,Eurithphos97,36,Male
763,Arin32,38,Male
764,Iaralsuir44,33,Male
765,Idastidru52,20,Male
766,Raerithsti62,15,Female
767,Saistydru69,21,Male
768,Astydil38,20,Male
769,Ridai74,21,Male
770,Aeralria27,24,Male
771,Ithesuphos68,21,Male
772,Aillyrin83,22,Male
773,Ila44,20,Male
774,Phiarithdeu40,25,Male
775,Aerillorin70,7,Other / Non-Disclosed
776,Risty84,24,Male
777,Eulidru49,15,Male
778,Saena74,35,Female
779,Aillycal84,30,Other / Non-Disclosed
780,Aesty51,22,Male
781,Aenarap34,23,Male
782,Itheria73,10,Male
783,Siallylis44,21,Male
784,Aeduera68,17,Male
785,Syalallodil59,20,Male
786,Heudai45,36,Male
787,Heuralsti66,16,Male
788,Zhisrisu83,24,Male
789,Adastirin33,35,Male
790,Haerithp41,24,Male
791,Hailaphos89,22,Male
792,Eoral49,22,Male
793,Aellyrialis39,15,Female
794,Yasty61,23,Male
795,Tyialisudeu65,25,Male
796,Silinu63,22,Male
797,Idaidil28,21,Male
798,Euna48,20,Male
799,Aidaira26,30,Male
800,Yasrisu92,7,Male
801,Siala43,31,Male
802,Iasurphos83,15,Female
803,Eodairu79,23,Male
804,Steorith54,18,Male
805,Tyisriphos58,20,Female
806,Tyeuduen32,23,Male
807,Sidap51,20,Male
808,Tyeosri53,27,Male
809,Aenasu69,20,Male
810,Tyaelly53,15,Male
811,Yalo71,16,Other / Non-Disclosed
812,Istysu50,19,Male
813,Alaesu77,17,Male
814,Aithelis62,31,Female
815,Heosrisuir72,18,Male
816,Saesrideu94,22,Male
817,Aillyriadru65,42,Male
818,Hairith93,23,Male
819,Sialaera37,30,Male
820,Eudanu32,24,Male
821,Asur96,21,Male
822,Eudaria62,39,Male
823,Eollym91,24,Male
824,Haestyphos66,14,Male
825,Eustyria89,21,Male
826,Isurria36,7,Male
827,Yalo85,23,Male
828,Aidaillodeu39,37,Female
829,Llairith95,22,Male
830,Strithenu87,24,Male
831,Rairith92,23,Male
832,Paenasu97,7,Female
833,Hiaral50,20,Male
834,Isriria90,23,Male
835,Aela59,22,Male
836,Raeri71,25,Male
837,Eusty71,11,Male
838,Isristira52,15,Male
839,Hainaria90,22,Male
840,Eoralrap26,23,Male
841,Nitherian58,24,Male
842,Tyalaru83,27,Male
843,Irith83,25,Male
844,Iral74,20,Male
845,Ali84,18,Male
846,Reuthelis39,23,Male
847,Tyaedaisti57,28,Female
848,Aethe80,18,Male
849,Tyaelorap29,32,Male
850,Idacal95,22,Female
851,Siathecal92,35,Male
852,Heulaedru70,21,Female
853,Aisurrin67,35,Male
854,Seorithstilis90,14,Male
855,Aeda94,15,Female
856,Arithriacal47,35,Male
857,Stryanastip77,8,Female
858,Pheulidil31,25,Male
859,Idasu87,19,Female
860,Ralaeriadeu65,19,Male
861,Raedalis34,19,Male
862,Ialo60,25,Female
863,Ralonurin90,15,Male
864,Silideu44,8,Female
865,Raesty92,23,Male
866,Wailin72,11,Male
867,Eudaria79,16,Male
868,Hallysucal81,20,Female
869,Laedallo55,20,Male
870,Tyalira51,23,Female
871,Arithllorin55,37,Male
872,Eoririn95,26,Male
873,Alo38,29,Male
874,Seostylis96,22,Male
875,Ryanara76,24,Male
876,Eurinu48,15,Male
877,Tyaerith73,20,Male
878,Radaria60,18,Male
879,Irillo49,33,Male
880,Aellyria80,21,Male
881,Phaena87,30,Male
882,Tyeosristi57,22,Male
883,Alallo58,24,Male
884,Riastylis35,19,Male
885,Liri91,34,Male
886,Pheully61,15,Male
887,Aelly27,20,Male
888,Aela49,24,Male
889,Aeral43,15,Female
890,Eudai71,12,Male
891,Seuthep89,23,Male
892,Iduelis31,9,Other / Non-Disclosed
893,Tyeudariasuir90,20,Male
894,Eustyria31,28,Male
895,Rilaphos42,32,Female
896,Syadaillo88,15,Male
897,Inallolis26,9,Male
898,Aelidru27,17,Male
899,Eurallo89,9,Female
900,Streural92,31,Male
901,Seuthelis34,23,Male
902,Tyaesrisuir32,22,Male
903,Whaestysu86,34,Male
904,Riralcal56,25,Female
905,Aina42,23,Male
906,Siasri67,34,Female
907,Philistirap41,15,Male
908,Saida58,21,Male
909,Pharithdil38,20,Female
910,Eosursurap97,24,Male
911,Iasrira89,25,Male
912,Sialo55,20,Male
913,Lliala41,29,Male
914,Aeriru97,36,Male
915,Aidaisti81,37,Female
916,Phistyn52,23,Male
917,Tyili65,21,Male
918,Iathenudil29,23,Male
919,Billysu76,13,Male
920,Halaecal66,42,Male
921,Reula64,23,Male
922,Hilaerin92,22,Male
923,Tridaira71,7,Male
924,Sirira97,21,Male
925,Tyaelistidru84,23,Male
926,Iarallo65,22,Female
927,Rathellorin54,18,Male
928,Aiduesu83,19,Male
929,Tyarithn67,38,Male
930,Iristi88,21,Male
931,Silaera56,39,Male
932,Phainasu47,13,Male
933,Yadaisuir65,20,Male
934,Isursti83,15,Male
935,Sirithra57,23,Other / Non-Disclosed
936,Airi27,21,Male
937,Seolollo93,20,Male
938,Phyali88,22,Male
939,Hillyllop98,24,Male
940,Tyirithria76,22,Male
941,Eoliria33,33,Female
942,Ilara98,18,Male
943,Haerith75,8,Female
944,Haedasu65,20,Male
945,Phadai31,22,Female
946,Heollyra92,26,Male
947,Iri45,30,Male
948,Ilastilis78,9,Male
949,Yasur35,15,Male
950,Aellynun67,19,Male
951,Eosrirgue62,19,Male
952,Tyidanulis74,25,Male
953,Aeri84,22,Male
954,Riduedeu67,7,Male
955,Rilaera56,20,Male
956,Yalaeria91,21,Male
957,Tyaelo67,17,Female
958,Pheutherin27,7,Male
959,Saisrilis27,16,Male
960,Aralphos84,22,Male
961,Asur53,34,Male
962,Phially37,23,Female
963,Irim47,25,Male
964,Tyaeristi78,22,Male
965,Tyaelaelis94,22,Female
966,Eulaeria40,22,Male
967,Riralsti91,21,Male
968,Aethesu45,19,Female
969,Aithesura93,25,Male
970,Yarithllodeu72,25,Male
971,Yalidru59,19,Male
972,Tyeulallo55,24,Male
973,Yathecal72,23,Male
974,Iathephos40,23,Male
975,Caesrinusuir82,20,Male
976,Idairin80,22,Male
977,Haedairiadru51,40,Female
978,Tyaedainu44,21,Male
979,Ryastycal90,30,Male
980,Ina92,15,Female
981,Alaephos75,18,Male
982,Euliria52,19,Male
983,Yaralnura48,19,Male
984,Iasursti71,27,Female
985,Hyarisuir40,20,Male
986,Eusri26,9,Other / Non-Disclosed
987,Iaralrgue74,35,Male
988,Inanurin37,34,Male
989,Seorinu25,27,Female
990,Ilosu82,17,Male
991,Phairi92,36,Female
992,Adairialis76,21,Male
993,Syasriria69,24,Male
994,Ryariria59,32,Male
995,Eolideu96,31,Female
996,Risristin37,18,Male
997,Yaralriadeu76,22,Female
998,Rina82,29,Male
999,Strairisti57,23,Male
1000,Raedairgue89,24,Male
1001,Seuriphos94,22,Male
1002,Aduenulis40,25,Male
1003,Philo41,21,Male
1004,Tyidue95,24,Male
1005,Philodil43,24,Male
1006,Eunalis45,17,Male
1007,Raithe71,20,Male
1008,Aduephos78,23,Male
1009,Yalo77,26,Male
1010,Aela83,24,Male
1011,Seustysti36,7,Male
1012,Iarilis73,22,Male
1013,Alarap40,9,Male
1014,Tyirinu79,22,Male
1015,Nanallom55,32,Male
1016,Hirirap39,23,Male
1017,Inasuir29,12,Male
1018,Eurisuru25,21,Male
1019,Eunadeu69,19,Male
1020,Ithergue48,27,Male
1021,Yarithrgue83,17,Male
1022,Ailaesuir66,28,Male
1023,Phaedai25,22,Male
1024,Yasur85,25,Male
1025,Saelaephos52,25,Female
1026,Saidairiaphos61,20,Male
1027,Iasurriacal29,17,Male
1028,Siarinum43,15,Other / Non-Disclosed
1029,Eulolis41,30,Female
1030,Eula35,8,Male
1031,Eullysulis81,25,Male
1032,Eoduenurin62,23,Male
1033,Eullydru35,22,Male
1034,Yathecal82,15,Other / Non-Disclosed
1035,Eosurdru76,25,Male
1036,Rairin89,35,Female
1037,Yadanu52,40,Male
1038,Pheuthello28,20,Male
1039,Smaistysu35,22,Male
1040,Saelollop56,25,Male
1041,Aestysu37,7,Male
1042,Tyananurgue44,24,Male
1043,Saerallora71,25,Male
1044,Hada39,16,Male
1045,Aesri53,21,Male
1046,Hirisulis84,21,Male
1047,Baelollodeu94,35,Male
1048,Eothe56,15,Female
1049,Idai61,30,Male
1050,Tyilonuru81,24,Male
1051,Syally44,20,Female
1052,Eoralphos86,7,Female
1053,Phaellyllo57,25,Male
1054,Tyaelorgue39,16,Male
1055,Thryallym62,14,Male
1056,Aerithriaphos45,17,Male
1057,Yadacal26,34,Male
1058,Alim85,22,Male
1059,Aedaillo57,17,Male
1060,Aesurstilis64,19,Male
1061,Reunasu60,20,Male
1062,Sally64,21,Male
1063,Tyilostip49,28,Male
1064,Pharithphos42,15,Male
1065,Irithlis29,16,Male
1066,Aeral68,25,Female
1067,Phidaru58,15,Male
1068,Aisurphos78,22,Other / Non-Disclosed
1069,Ilaesudil92,23,Female
1070,Aeliru63,20,Male
1071,Ethralan59,20,Male
1072,Palurrian69,23,Male
1073,Quarunarn52,21,Male
1074,Farusrian86,20,Male
1075,Palyon91,25,Male
1076,Quanrion96,21,Female
1077,Qarirwen82,17,Female
1078,Fironon91,39,Male
1079,Filrion59,21,Other / Non-Disclosed
1080,Ealiril69,35,Male
1081,Ethruard50,24,Male
1082,Ealarn92,20,Male
1083,Indirrian56,25,Male
1084,Ardil41,27,Male
1085,Lamyon68,18,Male
1086,Ardonmol96,23,Male
1087,Eryon48,26,Female
1088,Malista67,22,Female
1089,Quarurie36,22,Male
1090,Lamil79,22,Male
1091,Ethrasyon38,23,Male
1092,Malarrian73,22,Female
1093,Lamil70,21,Male
1094,Palon70,23,Male
1095,Quanunwen42,34,Male
1096,Qaronon57,9,Male
1097,Quarusrion32,23,Male
1098,Qarwen67,25,Male
1099,Ilmol66,9,Male
1100,Indcil77,11,Male
1101,Faralcil63,39,Male
1102,Yararmol43,30,Other / Non-Disclosed
1103,Maluncil97,25,Male
1104,Qilatista90,25,Male
1105,Eronie44,16,Male
1106,Quaranmol58,30,Male
1107,Filrion44,21,Male
1108,Malon70,45,Male
1109,Eyista89,25,Male
1110,Palatyon26,22,Male
1111,Inguard95,20,Male
1112,Filurarn35,29,Male
1113,Ennrian78,40,Male
1114,Qiluard68,21,Male
1115,Umuard36,25,Male
1116,Filrion83,36,Male
1117,Ennalmol65,18,Male
1118,Quelaton80,24,Male
1119,Ardcil81,27,Male
1120,Ethriel85,25,Male
1121,Ethralista69,19,Male
1122,Lamon28,17,Male
1123,Yarolwen77,16,Male
1124,Indonmol95,30,Female
1125,Ennoncil86,16,Female
1126,Quanenrian83,29,Female
1127,Ealrion88,21,Male
1128,Ethrusuard41,25,Male
1129,Qilatie51,20,Male
1130,Quelatarn54,26,Female
1131,Ingonon91,26,Male
1132,Eyircil84,22,Male
1133,Qilanrion65,38,Male
1134,Ethron58,22,Male
1135,Yarmol79,31,Male
1136,Farrian71,25,Male
1137,Ilrian97,25,Male
1138,Ingatcil75,23,Male
1139,Malunil62,33,Male
1140,Indanuard75,20,Female
1141,Ermol76,25,Male
1142,Farenon57,34,Male
1143,Malil90,34,Male
1144,Firan91,25,Male
1145,Filon68,35,Female
1146,Iliel92,30,Male
1147,Umolrian85,15,Male
1148,Yarirarn35,20,Male
1149,Inguron55,22,Male
1150,Ilenmol62,24,Male
1151,Quarrion42,16,Male
1152,Qilunan34,22,Male
1153,Ilunyon70,40,Male
1154,Firon67,31,Male
1155,Arduard95,32,Male
1156,Firatan58,17,Male
1157,Errian63,40,Female
1158,Eratiel90,23,Male
1159,Qarrian82,25,Female
1160,Eyrian71,43,Male
1161,Qilalista41,17,Male
1162,Erudrion71,21,Male
